<?xml version="1.0" encoding="utf-8"?>
<ApplicationInstallerManifest>
   <DefaultInstallationDirectory>/Applications/DOSY_Peaks_Picking/</DefaultInstallationDirectory>
   <ApplicationName>DOSY_Peaks_Picking</ApplicationName>
   <ExecutableName>application/DOSY_Peaks_Picking.exe</ExecutableName>
   <GUID>23b9860b-69ca-43d7-86a1-d2637f623b77</GUID>
   <ApplicationIcon>default_icon_48.png</ApplicationIcon>
   <Logo>default_logo.png</Logo>
   <Version>1.0</Version>
   <InstallationNotes>In the following directions, replace MR/v99 by the directory on the target machine where MATLAB is installed, or MR by the directory where the MATLAB Runtime is installed.

If the environment variable DYLD_LIBRARY_PATH is undefined, set it to the following string:

MR/v99/runtime/maci64:MR/v99/sys/os/maci64:MR/v99/bin/maci64

If it is defined, set it to the following:

${DYLD_LIBRARY_PATH}:MR/v99/runtime/maci64:MR/v99/sys/os/maci64:MR/v99/bin/maci64
</InstallationNotes>
   <Summary>DOSY_Peaks_Picking is graphical user interface (GUI) for the semi-automated peak picking in multiple DOSY spectra based on the fitting error</Summary>
   <WelcomePanelText>DOSY_Peaks_Picking 1.0
DOSY_Peaks_Picking is graphical user interface (GUI) for the semi-automated peak picking in multiple DOSY spectra based on the fitting error
Dr. Panteleimon G. Takis
p.takis@imperial.ac.uk</WelcomePanelText>
   <MCRProducts>
      <MCRProduct>
         <ExternalProductIdentifier>35000</ExternalProductIdentifier>
      </MCRProduct>
      <MCRProduct>
         <ExternalProductIdentifier>35010</ExternalProductIdentifier>
      </MCRProduct>
   </MCRProducts>
</ApplicationInstallerManifest>